date,month#,DofM,day,week,month,mmm-yy,quarter,year
1/1/2017,1,1,Sun,1,Jan,17-Jan,Q1,2017
1/2/2017,1,2,Mon,1,Jan,17-Jan,Q1,2017
1/3/2017,1,3,Tue,1,Jan,17-Jan,Q1,2017
1/4/2017,1,4,Wed,1,Jan,17-Jan,Q1,2017
1/5/2017,1,5,Thu,1,Jan,17-Jan,Q1,2017
1/6/2017,1,6,Fri,1,Jan,17-Jan,Q1,2017
1/7/2017,1,7,Sat,1,Jan,17-Jan,Q1,2017
1/8/2017,1,8,Sun,2,Jan,17-Jan,Q1,2017
1/9/2017,1,9,Mon,2,Jan,17-Jan,Q1,2017
1/10/2017,1,10,Tue,2,Jan,17-Jan,Q1,2017
1/11/2017,1,11,Wed,2,Jan,17-Jan,Q1,2017
1/12/2017,1,12,Thu,2,Jan,17-Jan,Q1,2017
1/13/2017,1,13,Fri,2,Jan,17-Jan,Q1,2017
1/14/2017,1,14,Sat,2,Jan,17-Jan,Q1,2017
1/15/2017,1,15,Sun,3,Jan,17-Jan,Q1,2017
1/16/2017,1,16,Mon,3,Jan,17-Jan,Q1,2017
1/17/2017,1,17,Tue,3,Jan,17-Jan,Q1,2017
1/18/2017,1,18,Wed,3,Jan,17-Jan,Q1,2017
1/19/2017,1,19,Thu,3,Jan,17-Jan,Q1,2017
1/20/2017,1,20,Fri,3,Jan,17-Jan,Q1,2017
1/21/2017,1,21,Sat,3,Jan,17-Jan,Q1,2017
1/22/2017,1,22,Sun,4,Jan,17-Jan,Q1,2017
1/23/2017,1,23,Mon,4,Jan,17-Jan,Q1,2017
1/24/2017,1,24,Tue,4,Jan,17-Jan,Q1,2017
1/25/2017,1,25,Wed,4,Jan,17-Jan,Q1,2017
1/26/2017,1,26,Thu,4,Jan,17-Jan,Q1,2017
1/27/2017,1,27,Fri,4,Jan,17-Jan,Q1,2017
1/28/2017,1,28,Sat,4,Jan,17-Jan,Q1,2017
1/29/2017,1,29,Sun,5,Jan,17-Jan,Q1,2017
1/30/2017,1,30,Mon,5,Jan,17-Jan,Q1,2017
1/31/2017,1,31,Tue,5,Jan,17-Jan,Q1,2017
2/1/2017,2,1,Wed,5,Feb,17-Feb,Q1,2017
2/2/2017,2,2,Thu,5,Feb,17-Feb,Q1,2017
2/3/2017,2,3,Fri,5,Feb,17-Feb,Q1,2017
2/4/2017,2,4,Sat,5,Feb,17-Feb,Q1,2017
2/5/2017,2,5,Sun,6,Feb,17-Feb,Q1,2017
2/6/2017,2,6,Mon,6,Feb,17-Feb,Q1,2017
2/7/2017,2,7,Tue,6,Feb,17-Feb,Q1,2017
2/8/2017,2,8,Wed,6,Feb,17-Feb,Q1,2017
2/9/2017,2,9,Thu,6,Feb,17-Feb,Q1,2017
2/10/2017,2,10,Fri,6,Feb,17-Feb,Q1,2017
2/11/2017,2,11,Sat,6,Feb,17-Feb,Q1,2017
2/12/2017,2,12,Sun,7,Feb,17-Feb,Q1,2017
2/13/2017,2,13,Mon,7,Feb,17-Feb,Q1,2017
2/14/2017,2,14,Tue,7,Feb,17-Feb,Q1,2017
2/15/2017,2,15,Wed,7,Feb,17-Feb,Q1,2017
2/16/2017,2,16,Thu,7,Feb,17-Feb,Q1,2017
2/17/2017,2,17,Fri,7,Feb,17-Feb,Q1,2017
2/18/2017,2,18,Sat,7,Feb,17-Feb,Q1,2017
2/19/2017,2,19,Sun,8,Feb,17-Feb,Q1,2017
2/20/2017,2,20,Mon,8,Feb,17-Feb,Q1,2017
2/21/2017,2,21,Tue,8,Feb,17-Feb,Q1,2017
2/22/2017,2,22,Wed,8,Feb,17-Feb,Q1,2017
2/23/2017,2,23,Thu,8,Feb,17-Feb,Q1,2017
2/24/2017,2,24,Fri,8,Feb,17-Feb,Q1,2017
2/25/2017,2,25,Sat,8,Feb,17-Feb,Q1,2017
2/26/2017,2,26,Sun,9,Feb,17-Feb,Q1,2017
2/27/2017,2,27,Mon,9,Feb,17-Feb,Q1,2017
2/28/2017,2,28,Tue,9,Feb,17-Feb,Q1,2017
3/1/2017,3,1,Wed,9,Mar,17-Mar,Q1,2017
3/2/2017,3,2,Thu,9,Mar,17-Mar,Q1,2017
3/3/2017,3,3,Fri,9,Mar,17-Mar,Q1,2017
3/4/2017,3,4,Sat,9,Mar,17-Mar,Q1,2017
3/5/2017,3,5,Sun,10,Mar,17-Mar,Q1,2017
3/6/2017,3,6,Mon,10,Mar,17-Mar,Q1,2017
3/7/2017,3,7,Tue,10,Mar,17-Mar,Q1,2017
3/8/2017,3,8,Wed,10,Mar,17-Mar,Q1,2017
3/9/2017,3,9,Thu,10,Mar,17-Mar,Q1,2017
3/10/2017,3,10,Fri,10,Mar,17-Mar,Q1,2017
3/11/2017,3,11,Sat,10,Mar,17-Mar,Q1,2017
3/12/2017,3,12,Sun,11,Mar,17-Mar,Q1,2017
3/13/2017,3,13,Mon,11,Mar,17-Mar,Q1,2017
3/14/2017,3,14,Tue,11,Mar,17-Mar,Q1,2017
3/15/2017,3,15,Wed,11,Mar,17-Mar,Q1,2017
3/16/2017,3,16,Thu,11,Mar,17-Mar,Q1,2017
3/17/2017,3,17,Fri,11,Mar,17-Mar,Q1,2017
3/18/2017,3,18,Sat,11,Mar,17-Mar,Q1,2017
3/19/2017,3,19,Sun,12,Mar,17-Mar,Q1,2017
3/20/2017,3,20,Mon,12,Mar,17-Mar,Q1,2017
3/21/2017,3,21,Tue,12,Mar,17-Mar,Q1,2017
3/22/2017,3,22,Wed,12,Mar,17-Mar,Q1,2017
3/23/2017,3,23,Thu,12,Mar,17-Mar,Q1,2017
3/24/2017,3,24,Fri,12,Mar,17-Mar,Q1,2017
3/25/2017,3,25,Sat,12,Mar,17-Mar,Q1,2017
3/26/2017,3,26,Sun,13,Mar,17-Mar,Q1,2017
3/27/2017,3,27,Mon,13,Mar,17-Mar,Q1,2017
3/28/2017,3,28,Tue,13,Mar,17-Mar,Q1,2017
3/29/2017,3,29,Wed,13,Mar,17-Mar,Q1,2017
3/30/2017,3,30,Thu,13,Mar,17-Mar,Q1,2017
3/31/2017,3,31,Fri,13,Mar,17-Mar,Q1,2017
4/1/2017,4,1,Sat,13,Apr,17-Apr,Q2,2017
4/2/2017,4,2,Sun,14,Apr,17-Apr,Q2,2017
4/3/2017,4,3,Mon,14,Apr,17-Apr,Q2,2017
4/4/2017,4,4,Tue,14,Apr,17-Apr,Q2,2017
4/5/2017,4,5,Wed,14,Apr,17-Apr,Q2,2017
4/6/2017,4,6,Thu,14,Apr,17-Apr,Q2,2017
4/7/2017,4,7,Fri,14,Apr,17-Apr,Q2,2017
4/8/2017,4,8,Sat,14,Apr,17-Apr,Q2,2017
4/9/2017,4,9,Sun,15,Apr,17-Apr,Q2,2017
4/10/2017,4,10,Mon,15,Apr,17-Apr,Q2,2017
4/11/2017,4,11,Tue,15,Apr,17-Apr,Q2,2017
4/12/2017,4,12,Wed,15,Apr,17-Apr,Q2,2017
4/13/2017,4,13,Thu,15,Apr,17-Apr,Q2,2017
4/14/2017,4,14,Fri,15,Apr,17-Apr,Q2,2017
4/15/2017,4,15,Sat,15,Apr,17-Apr,Q2,2017
4/16/2017,4,16,Sun,16,Apr,17-Apr,Q2,2017
4/17/2017,4,17,Mon,16,Apr,17-Apr,Q2,2017
4/18/2017,4,18,Tue,16,Apr,17-Apr,Q2,2017
4/19/2017,4,19,Wed,16,Apr,17-Apr,Q2,2017
4/20/2017,4,20,Thu,16,Apr,17-Apr,Q2,2017
4/21/2017,4,21,Fri,16,Apr,17-Apr,Q2,2017
4/22/2017,4,22,Sat,16,Apr,17-Apr,Q2,2017
4/23/2017,4,23,Sun,17,Apr,17-Apr,Q2,2017
4/24/2017,4,24,Mon,17,Apr,17-Apr,Q2,2017
4/25/2017,4,25,Tue,17,Apr,17-Apr,Q2,2017
4/26/2017,4,26,Wed,17,Apr,17-Apr,Q2,2017
4/27/2017,4,27,Thu,17,Apr,17-Apr,Q2,2017
4/28/2017,4,28,Fri,17,Apr,17-Apr,Q2,2017
4/29/2017,4,29,Sat,17,Apr,17-Apr,Q2,2017
4/30/2017,4,30,Sun,18,Apr,17-Apr,Q2,2017
5/1/2017,5,1,Mon,18,May,17-May,Q2,2017
5/2/2017,5,2,Tue,18,May,17-May,Q2,2017
5/3/2017,5,3,Wed,18,May,17-May,Q2,2017
5/4/2017,5,4,Thu,18,May,17-May,Q2,2017
5/5/2017,5,5,Fri,18,May,17-May,Q2,2017
5/6/2017,5,6,Sat,18,May,17-May,Q2,2017
5/7/2017,5,7,Sun,19,May,17-May,Q2,2017
5/8/2017,5,8,Mon,19,May,17-May,Q2,2017
5/9/2017,5,9,Tue,19,May,17-May,Q2,2017
5/10/2017,5,10,Wed,19,May,17-May,Q2,2017
5/11/2017,5,11,Thu,19,May,17-May,Q2,2017
5/12/2017,5,12,Fri,19,May,17-May,Q2,2017
5/13/2017,5,13,Sat,19,May,17-May,Q2,2017
5/14/2017,5,14,Sun,20,May,17-May,Q2,2017
5/15/2017,5,15,Mon,20,May,17-May,Q2,2017
5/16/2017,5,16,Tue,20,May,17-May,Q2,2017
5/17/2017,5,17,Wed,20,May,17-May,Q2,2017
5/18/2017,5,18,Thu,20,May,17-May,Q2,2017
5/19/2017,5,19,Fri,20,May,17-May,Q2,2017
5/20/2017,5,20,Sat,20,May,17-May,Q2,2017
5/21/2017,5,21,Sun,21,May,17-May,Q2,2017
5/22/2017,5,22,Mon,21,May,17-May,Q2,2017
5/23/2017,5,23,Tue,21,May,17-May,Q2,2017
5/24/2017,5,24,Wed,21,May,17-May,Q2,2017
5/25/2017,5,25,Thu,21,May,17-May,Q2,2017
5/26/2017,5,26,Fri,21,May,17-May,Q2,2017
5/27/2017,5,27,Sat,21,May,17-May,Q2,2017
5/28/2017,5,28,Sun,22,May,17-May,Q2,2017
5/29/2017,5,29,Mon,22,May,17-May,Q2,2017
5/30/2017,5,30,Tue,22,May,17-May,Q2,2017
5/31/2017,5,31,Wed,22,May,17-May,Q2,2017
6/1/2017,6,1,Thu,22,Jun,17-Jun,Q2,2017
6/2/2017,6,2,Fri,22,Jun,17-Jun,Q2,2017
6/3/2017,6,3,Sat,22,Jun,17-Jun,Q2,2017
6/4/2017,6,4,Sun,23,Jun,17-Jun,Q2,2017
6/5/2017,6,5,Mon,23,Jun,17-Jun,Q2,2017
6/6/2017,6,6,Tue,23,Jun,17-Jun,Q2,2017
6/7/2017,6,7,Wed,23,Jun,17-Jun,Q2,2017
6/8/2017,6,8,Thu,23,Jun,17-Jun,Q2,2017
6/9/2017,6,9,Fri,23,Jun,17-Jun,Q2,2017
6/10/2017,6,10,Sat,23,Jun,17-Jun,Q2,2017
6/11/2017,6,11,Sun,24,Jun,17-Jun,Q2,2017
6/12/2017,6,12,Mon,24,Jun,17-Jun,Q2,2017
6/13/2017,6,13,Tue,24,Jun,17-Jun,Q2,2017
6/14/2017,6,14,Wed,24,Jun,17-Jun,Q2,2017
6/15/2017,6,15,Thu,24,Jun,17-Jun,Q2,2017
6/16/2017,6,16,Fri,24,Jun,17-Jun,Q2,2017
6/17/2017,6,17,Sat,24,Jun,17-Jun,Q2,2017
6/18/2017,6,18,Sun,25,Jun,17-Jun,Q2,2017
6/19/2017,6,19,Mon,25,Jun,17-Jun,Q2,2017
6/20/2017,6,20,Tue,25,Jun,17-Jun,Q2,2017
6/21/2017,6,21,Wed,25,Jun,17-Jun,Q2,2017
6/22/2017,6,22,Thu,25,Jun,17-Jun,Q2,2017
6/23/2017,6,23,Fri,25,Jun,17-Jun,Q2,2017
6/24/2017,6,24,Sat,25,Jun,17-Jun,Q2,2017
6/25/2017,6,25,Sun,26,Jun,17-Jun,Q2,2017
6/26/2017,6,26,Mon,26,Jun,17-Jun,Q2,2017
6/27/2017,6,27,Tue,26,Jun,17-Jun,Q2,2017
6/28/2017,6,28,Wed,26,Jun,17-Jun,Q2,2017
6/29/2017,6,29,Thu,26,Jun,17-Jun,Q2,2017
6/30/2017,6,30,Fri,26,Jun,17-Jun,Q2,2017
7/1/2017,7,1,Sat,26,Jul,17-Jul,Q3,2017
7/2/2017,7,2,Sun,27,Jul,17-Jul,Q3,2017
7/3/2017,7,3,Mon,27,Jul,17-Jul,Q3,2017
7/4/2017,7,4,Tue,27,Jul,17-Jul,Q3,2017
7/5/2017,7,5,Wed,27,Jul,17-Jul,Q3,2017
7/6/2017,7,6,Thu,27,Jul,17-Jul,Q3,2017
7/7/2017,7,7,Fri,27,Jul,17-Jul,Q3,2017
7/8/2017,7,8,Sat,27,Jul,17-Jul,Q3,2017
7/9/2017,7,9,Sun,28,Jul,17-Jul,Q3,2017
7/10/2017,7,10,Mon,28,Jul,17-Jul,Q3,2017
7/11/2017,7,11,Tue,28,Jul,17-Jul,Q3,2017
7/12/2017,7,12,Wed,28,Jul,17-Jul,Q3,2017
7/13/2017,7,13,Thu,28,Jul,17-Jul,Q3,2017
7/14/2017,7,14,Fri,28,Jul,17-Jul,Q3,2017
7/15/2017,7,15,Sat,28,Jul,17-Jul,Q3,2017
7/16/2017,7,16,Sun,29,Jul,17-Jul,Q3,2017
7/17/2017,7,17,Mon,29,Jul,17-Jul,Q3,2017
7/18/2017,7,18,Tue,29,Jul,17-Jul,Q3,2017
7/19/2017,7,19,Wed,29,Jul,17-Jul,Q3,2017
7/20/2017,7,20,Thu,29,Jul,17-Jul,Q3,2017
7/21/2017,7,21,Fri,29,Jul,17-Jul,Q3,2017
7/22/2017,7,22,Sat,29,Jul,17-Jul,Q3,2017
7/23/2017,7,23,Sun,30,Jul,17-Jul,Q3,2017
7/24/2017,7,24,Mon,30,Jul,17-Jul,Q3,2017
7/25/2017,7,25,Tue,30,Jul,17-Jul,Q3,2017
7/26/2017,7,26,Wed,30,Jul,17-Jul,Q3,2017
7/27/2017,7,27,Thu,30,Jul,17-Jul,Q3,2017
7/28/2017,7,28,Fri,30,Jul,17-Jul,Q3,2017
7/29/2017,7,29,Sat,30,Jul,17-Jul,Q3,2017
7/30/2017,7,30,Sun,31,Jul,17-Jul,Q3,2017
7/31/2017,7,31,Mon,31,Jul,17-Jul,Q3,2017
8/1/2017,8,1,Tue,31,Aug,17-Aug,Q3,2017
8/2/2017,8,2,Wed,31,Aug,17-Aug,Q3,2017
8/3/2017,8,3,Thu,31,Aug,17-Aug,Q3,2017
8/4/2017,8,4,Fri,31,Aug,17-Aug,Q3,2017
8/5/2017,8,5,Sat,31,Aug,17-Aug,Q3,2017
8/6/2017,8,6,Sun,32,Aug,17-Aug,Q3,2017
8/7/2017,8,7,Mon,32,Aug,17-Aug,Q3,2017
8/8/2017,8,8,Tue,32,Aug,17-Aug,Q3,2017
8/9/2017,8,9,Wed,32,Aug,17-Aug,Q3,2017
8/10/2017,8,10,Thu,32,Aug,17-Aug,Q3,2017
8/11/2017,8,11,Fri,32,Aug,17-Aug,Q3,2017
8/12/2017,8,12,Sat,32,Aug,17-Aug,Q3,2017
8/13/2017,8,13,Sun,33,Aug,17-Aug,Q3,2017
8/14/2017,8,14,Mon,33,Aug,17-Aug,Q3,2017
8/15/2017,8,15,Tue,33,Aug,17-Aug,Q3,2017
8/16/2017,8,16,Wed,33,Aug,17-Aug,Q3,2017
8/17/2017,8,17,Thu,33,Aug,17-Aug,Q3,2017
8/18/2017,8,18,Fri,33,Aug,17-Aug,Q3,2017
8/19/2017,8,19,Sat,33,Aug,17-Aug,Q3,2017
8/20/2017,8,20,Sun,34,Aug,17-Aug,Q3,2017
8/21/2017,8,21,Mon,34,Aug,17-Aug,Q3,2017
8/22/2017,8,22,Tue,34,Aug,17-Aug,Q3,2017
8/23/2017,8,23,Wed,34,Aug,17-Aug,Q3,2017
8/24/2017,8,24,Thu,34,Aug,17-Aug,Q3,2017
8/25/2017,8,25,Fri,34,Aug,17-Aug,Q3,2017
8/26/2017,8,26,Sat,34,Aug,17-Aug,Q3,2017
8/27/2017,8,27,Sun,35,Aug,17-Aug,Q3,2017
8/28/2017,8,28,Mon,35,Aug,17-Aug,Q3,2017
8/29/2017,8,29,Tue,35,Aug,17-Aug,Q3,2017
8/30/2017,8,30,Wed,35,Aug,17-Aug,Q3,2017
8/31/2017,8,31,Thu,35,Aug,17-Aug,Q3,2017
9/1/2017,9,1,Fri,35,Sep,17-Sep,Q3,2017
9/2/2017,9,2,Sat,35,Sep,17-Sep,Q3,2017
9/3/2017,9,3,Sun,36,Sep,17-Sep,Q3,2017
9/4/2017,9,4,Mon,36,Sep,17-Sep,Q3,2017
9/5/2017,9,5,Tue,36,Sep,17-Sep,Q3,2017
9/6/2017,9,6,Wed,36,Sep,17-Sep,Q3,2017
9/7/2017,9,7,Thu,36,Sep,17-Sep,Q3,2017
9/8/2017,9,8,Fri,36,Sep,17-Sep,Q3,2017
9/9/2017,9,9,Sat,36,Sep,17-Sep,Q3,2017
9/10/2017,9,10,Sun,37,Sep,17-Sep,Q3,2017
9/11/2017,9,11,Mon,37,Sep,17-Sep,Q3,2017
9/12/2017,9,12,Tue,37,Sep,17-Sep,Q3,2017
9/13/2017,9,13,Wed,37,Sep,17-Sep,Q3,2017
9/14/2017,9,14,Thu,37,Sep,17-Sep,Q3,2017
9/15/2017,9,15,Fri,37,Sep,17-Sep,Q3,2017
9/16/2017,9,16,Sat,37,Sep,17-Sep,Q3,2017
9/17/2017,9,17,Sun,38,Sep,17-Sep,Q3,2017
9/18/2017,9,18,Mon,38,Sep,17-Sep,Q3,2017
9/19/2017,9,19,Tue,38,Sep,17-Sep,Q3,2017
9/20/2017,9,20,Wed,38,Sep,17-Sep,Q3,2017
9/21/2017,9,21,Thu,38,Sep,17-Sep,Q3,2017
9/22/2017,9,22,Fri,38,Sep,17-Sep,Q3,2017
9/23/2017,9,23,Sat,38,Sep,17-Sep,Q3,2017
9/24/2017,9,24,Sun,39,Sep,17-Sep,Q3,2017
9/25/2017,9,25,Mon,39,Sep,17-Sep,Q3,2017
9/26/2017,9,26,Tue,39,Sep,17-Sep,Q3,2017
9/27/2017,9,27,Wed,39,Sep,17-Sep,Q3,2017
9/28/2017,9,28,Thu,39,Sep,17-Sep,Q3,2017
9/29/2017,9,29,Fri,39,Sep,17-Sep,Q3,2017
9/30/2017,9,30,Sat,39,Sep,17-Sep,Q3,2017
10/1/2017,10,1,Sun,40,Oct,17-Oct,Q4,2017
10/2/2017,10,2,Mon,40,Oct,17-Oct,Q4,2017
10/3/2017,10,3,Tue,40,Oct,17-Oct,Q4,2017
10/4/2017,10,4,Wed,40,Oct,17-Oct,Q4,2017
10/5/2017,10,5,Thu,40,Oct,17-Oct,Q4,2017
10/6/2017,10,6,Fri,40,Oct,17-Oct,Q4,2017
10/7/2017,10,7,Sat,40,Oct,17-Oct,Q4,2017
10/8/2017,10,8,Sun,41,Oct,17-Oct,Q4,2017
10/9/2017,10,9,Mon,41,Oct,17-Oct,Q4,2017
10/10/2017,10,10,Tue,41,Oct,17-Oct,Q4,2017
10/11/2017,10,11,Wed,41,Oct,17-Oct,Q4,2017
10/12/2017,10,12,Thu,41,Oct,17-Oct,Q4,2017
10/13/2017,10,13,Fri,41,Oct,17-Oct,Q4,2017
10/14/2017,10,14,Sat,41,Oct,17-Oct,Q4,2017
10/15/2017,10,15,Sun,42,Oct,17-Oct,Q4,2017
10/16/2017,10,16,Mon,42,Oct,17-Oct,Q4,2017
10/17/2017,10,17,Tue,42,Oct,17-Oct,Q4,2017
10/18/2017,10,18,Wed,42,Oct,17-Oct,Q4,2017
10/19/2017,10,19,Thu,42,Oct,17-Oct,Q4,2017
10/20/2017,10,20,Fri,42,Oct,17-Oct,Q4,2017
10/21/2017,10,21,Sat,42,Oct,17-Oct,Q4,2017
10/22/2017,10,22,Sun,43,Oct,17-Oct,Q4,2017
10/23/2017,10,23,Mon,43,Oct,17-Oct,Q4,2017
10/24/2017,10,24,Tue,43,Oct,17-Oct,Q4,2017
10/25/2017,10,25,Wed,43,Oct,17-Oct,Q4,2017
10/26/2017,10,26,Thu,43,Oct,17-Oct,Q4,2017
10/27/2017,10,27,Fri,43,Oct,17-Oct,Q4,2017
10/28/2017,10,28,Sat,43,Oct,17-Oct,Q4,2017
10/29/2017,10,29,Sun,44,Oct,17-Oct,Q4,2017
10/30/2017,10,30,Mon,44,Oct,17-Oct,Q4,2017
10/31/2017,10,31,Tue,44,Oct,17-Oct,Q4,2017
11/1/2017,11,1,Wed,44,Nov,17-Nov,Q4,2017
11/2/2017,11,2,Thu,44,Nov,17-Nov,Q4,2017
11/3/2017,11,3,Fri,44,Nov,17-Nov,Q4,2017
11/4/2017,11,4,Sat,44,Nov,17-Nov,Q4,2017
11/5/2017,11,5,Sun,45,Nov,17-Nov,Q4,2017
11/6/2017,11,6,Mon,45,Nov,17-Nov,Q4,2017
11/7/2017,11,7,Tue,45,Nov,17-Nov,Q4,2017
11/8/2017,11,8,Wed,45,Nov,17-Nov,Q4,2017
11/9/2017,11,9,Thu,45,Nov,17-Nov,Q4,2017
11/10/2017,11,10,Fri,45,Nov,17-Nov,Q4,2017
11/11/2017,11,11,Sat,45,Nov,17-Nov,Q4,2017
11/12/2017,11,12,Sun,46,Nov,17-Nov,Q4,2017
11/13/2017,11,13,Mon,46,Nov,17-Nov,Q4,2017
11/14/2017,11,14,Tue,46,Nov,17-Nov,Q4,2017
11/15/2017,11,15,Wed,46,Nov,17-Nov,Q4,2017
11/16/2017,11,16,Thu,46,Nov,17-Nov,Q4,2017
11/17/2017,11,17,Fri,46,Nov,17-Nov,Q4,2017
11/18/2017,11,18,Sat,46,Nov,17-Nov,Q4,2017
11/19/2017,11,19,Sun,47,Nov,17-Nov,Q4,2017
11/20/2017,11,20,Mon,47,Nov,17-Nov,Q4,2017
11/21/2017,11,21,Tue,47,Nov,17-Nov,Q4,2017
11/22/2017,11,22,Wed,47,Nov,17-Nov,Q4,2017
11/23/2017,11,23,Thu,47,Nov,17-Nov,Q4,2017
11/24/2017,11,24,Fri,47,Nov,17-Nov,Q4,2017
11/25/2017,11,25,Sat,47,Nov,17-Nov,Q4,2017
11/26/2017,11,26,Sun,48,Nov,17-Nov,Q4,2017
11/27/2017,11,27,Mon,48,Nov,17-Nov,Q4,2017
11/28/2017,11,28,Tue,48,Nov,17-Nov,Q4,2017
11/29/2017,11,29,Wed,48,Nov,17-Nov,Q4,2017
11/30/2017,11,30,Thu,48,Nov,17-Nov,Q4,2017
12/1/2017,12,1,Fri,48,Dec,17-Dec,Q4,2017
12/2/2017,12,2,Sat,48,Dec,17-Dec,Q4,2017
12/3/2017,12,3,Sun,49,Dec,17-Dec,Q4,2017
12/4/2017,12,4,Mon,49,Dec,17-Dec,Q4,2017
12/5/2017,12,5,Tue,49,Dec,17-Dec,Q4,2017
12/6/2017,12,6,Wed,49,Dec,17-Dec,Q4,2017
12/7/2017,12,7,Thu,49,Dec,17-Dec,Q4,2017
12/8/2017,12,8,Fri,49,Dec,17-Dec,Q4,2017
12/9/2017,12,9,Sat,49,Dec,17-Dec,Q4,2017
12/10/2017,12,10,Sun,50,Dec,17-Dec,Q4,2017
12/11/2017,12,11,Mon,50,Dec,17-Dec,Q4,2017
12/12/2017,12,12,Tue,50,Dec,17-Dec,Q4,2017
12/13/2017,12,13,Wed,50,Dec,17-Dec,Q4,2017
12/14/2017,12,14,Thu,50,Dec,17-Dec,Q4,2017
12/15/2017,12,15,Fri,50,Dec,17-Dec,Q4,2017
12/16/2017,12,16,Sat,50,Dec,17-Dec,Q4,2017
12/17/2017,12,17,Sun,51,Dec,17-Dec,Q4,2017
12/18/2017,12,18,Mon,51,Dec,17-Dec,Q4,2017
12/19/2017,12,19,Tue,51,Dec,17-Dec,Q4,2017
12/20/2017,12,20,Wed,51,Dec,17-Dec,Q4,2017
12/21/2017,12,21,Thu,51,Dec,17-Dec,Q4,2017
12/22/2017,12,22,Fri,51,Dec,17-Dec,Q4,2017
12/23/2017,12,23,Sat,51,Dec,17-Dec,Q4,2017
12/24/2017,12,24,Sun,52,Dec,17-Dec,Q4,2017
12/25/2017,12,25,Mon,52,Dec,17-Dec,Q4,2017
12/26/2017,12,26,Tue,52,Dec,17-Dec,Q4,2017
12/27/2017,12,27,Wed,52,Dec,17-Dec,Q4,2017
12/28/2017,12,28,Thu,52,Dec,17-Dec,Q4,2017
12/29/2017,12,29,Fri,52,Dec,17-Dec,Q4,2017
12/30/2017,12,30,Sat,52,Dec,17-Dec,Q4,2017
12/31/2017,12,31,Sun,53,Dec,17-Dec,Q4,2017
1/1/2018,1,1,Mon,1,Jan,18-Jan,Q1,2018
1/2/2018,1,2,Tue,1,Jan,18-Jan,Q1,2018
1/3/2018,1,3,Wed,1,Jan,18-Jan,Q1,2018
1/4/2018,1,4,Thu,1,Jan,18-Jan,Q1,2018
1/5/2018,1,5,Fri,1,Jan,18-Jan,Q1,2018
1/6/2018,1,6,Sat,1,Jan,18-Jan,Q1,2018
1/7/2018,1,7,Sun,2,Jan,18-Jan,Q1,2018
1/8/2018,1,8,Mon,2,Jan,18-Jan,Q1,2018
1/9/2018,1,9,Tue,2,Jan,18-Jan,Q1,2018
1/10/2018,1,10,Wed,2,Jan,18-Jan,Q1,2018
1/11/2018,1,11,Thu,2,Jan,18-Jan,Q1,2018
1/12/2018,1,12,Fri,2,Jan,18-Jan,Q1,2018
1/13/2018,1,13,Sat,2,Jan,18-Jan,Q1,2018
1/14/2018,1,14,Sun,3,Jan,18-Jan,Q1,2018
1/15/2018,1,15,Mon,3,Jan,18-Jan,Q1,2018
1/16/2018,1,16,Tue,3,Jan,18-Jan,Q1,2018
1/17/2018,1,17,Wed,3,Jan,18-Jan,Q1,2018
1/18/2018,1,18,Thu,3,Jan,18-Jan,Q1,2018
1/19/2018,1,19,Fri,3,Jan,18-Jan,Q1,2018
1/20/2018,1,20,Sat,3,Jan,18-Jan,Q1,2018
1/21/2018,1,21,Sun,4,Jan,18-Jan,Q1,2018
1/22/2018,1,22,Mon,4,Jan,18-Jan,Q1,2018
1/23/2018,1,23,Tue,4,Jan,18-Jan,Q1,2018
1/24/2018,1,24,Wed,4,Jan,18-Jan,Q1,2018
1/25/2018,1,25,Thu,4,Jan,18-Jan,Q1,2018
1/26/2018,1,26,Fri,4,Jan,18-Jan,Q1,2018
1/27/2018,1,27,Sat,4,Jan,18-Jan,Q1,2018
1/28/2018,1,28,Sun,5,Jan,18-Jan,Q1,2018
1/29/2018,1,29,Mon,5,Jan,18-Jan,Q1,2018
1/30/2018,1,30,Tue,5,Jan,18-Jan,Q1,2018
1/31/2018,1,31,Wed,5,Jan,18-Jan,Q1,2018
2/1/2018,2,1,Thu,5,Feb,18-Feb,Q1,2018
2/2/2018,2,2,Fri,5,Feb,18-Feb,Q1,2018
2/3/2018,2,3,Sat,5,Feb,18-Feb,Q1,2018
2/4/2018,2,4,Sun,6,Feb,18-Feb,Q1,2018
2/5/2018,2,5,Mon,6,Feb,18-Feb,Q1,2018
2/6/2018,2,6,Tue,6,Feb,18-Feb,Q1,2018
2/7/2018,2,7,Wed,6,Feb,18-Feb,Q1,2018
2/8/2018,2,8,Thu,6,Feb,18-Feb,Q1,2018
2/9/2018,2,9,Fri,6,Feb,18-Feb,Q1,2018
2/10/2018,2,10,Sat,6,Feb,18-Feb,Q1,2018
2/11/2018,2,11,Sun,7,Feb,18-Feb,Q1,2018
2/12/2018,2,12,Mon,7,Feb,18-Feb,Q1,2018
2/13/2018,2,13,Tue,7,Feb,18-Feb,Q1,2018
2/14/2018,2,14,Wed,7,Feb,18-Feb,Q1,2018
2/15/2018,2,15,Thu,7,Feb,18-Feb,Q1,2018
2/16/2018,2,16,Fri,7,Feb,18-Feb,Q1,2018
2/17/2018,2,17,Sat,7,Feb,18-Feb,Q1,2018
2/18/2018,2,18,Sun,8,Feb,18-Feb,Q1,2018
2/19/2018,2,19,Mon,8,Feb,18-Feb,Q1,2018
2/20/2018,2,20,Tue,8,Feb,18-Feb,Q1,2018
2/21/2018,2,21,Wed,8,Feb,18-Feb,Q1,2018
2/22/2018,2,22,Thu,8,Feb,18-Feb,Q1,2018
2/23/2018,2,23,Fri,8,Feb,18-Feb,Q1,2018
2/24/2018,2,24,Sat,8,Feb,18-Feb,Q1,2018
2/25/2018,2,25,Sun,9,Feb,18-Feb,Q1,2018
2/26/2018,2,26,Mon,9,Feb,18-Feb,Q1,2018
2/27/2018,2,27,Tue,9,Feb,18-Feb,Q1,2018
2/28/2018,2,28,Wed,9,Feb,18-Feb,Q1,2018
3/1/2018,3,1,Thu,9,Mar,18-Mar,Q1,2018
3/2/2018,3,2,Fri,9,Mar,18-Mar,Q1,2018
3/3/2018,3,3,Sat,9,Mar,18-Mar,Q1,2018
3/4/2018,3,4,Sun,10,Mar,18-Mar,Q1,2018
3/5/2018,3,5,Mon,10,Mar,18-Mar,Q1,2018
3/6/2018,3,6,Tue,10,Mar,18-Mar,Q1,2018
3/7/2018,3,7,Wed,10,Mar,18-Mar,Q1,2018
3/8/2018,3,8,Thu,10,Mar,18-Mar,Q1,2018
3/9/2018,3,9,Fri,10,Mar,18-Mar,Q1,2018
3/10/2018,3,10,Sat,10,Mar,18-Mar,Q1,2018
3/11/2018,3,11,Sun,11,Mar,18-Mar,Q1,2018
3/12/2018,3,12,Mon,11,Mar,18-Mar,Q1,2018
3/13/2018,3,13,Tue,11,Mar,18-Mar,Q1,2018
3/14/2018,3,14,Wed,11,Mar,18-Mar,Q1,2018
3/15/2018,3,15,Thu,11,Mar,18-Mar,Q1,2018
3/16/2018,3,16,Fri,11,Mar,18-Mar,Q1,2018
3/17/2018,3,17,Sat,11,Mar,18-Mar,Q1,2018
3/18/2018,3,18,Sun,12,Mar,18-Mar,Q1,2018
3/19/2018,3,19,Mon,12,Mar,18-Mar,Q1,2018
3/20/2018,3,20,Tue,12,Mar,18-Mar,Q1,2018
3/21/2018,3,21,Wed,12,Mar,18-Mar,Q1,2018
3/22/2018,3,22,Thu,12,Mar,18-Mar,Q1,2018
3/23/2018,3,23,Fri,12,Mar,18-Mar,Q1,2018
3/24/2018,3,24,Sat,12,Mar,18-Mar,Q1,2018
3/25/2018,3,25,Sun,13,Mar,18-Mar,Q1,2018
3/26/2018,3,26,Mon,13,Mar,18-Mar,Q1,2018
3/27/2018,3,27,Tue,13,Mar,18-Mar,Q1,2018
3/28/2018,3,28,Wed,13,Mar,18-Mar,Q1,2018
3/29/2018,3,29,Thu,13,Mar,18-Mar,Q1,2018
3/30/2018,3,30,Fri,13,Mar,18-Mar,Q1,2018
3/31/2018,3,31,Sat,13,Mar,18-Mar,Q1,2018
4/1/2018,4,1,Sun,14,Apr,18-Apr,Q2,2018
4/2/2018,4,2,Mon,14,Apr,18-Apr,Q2,2018
4/3/2018,4,3,Tue,14,Apr,18-Apr,Q2,2018
4/4/2018,4,4,Wed,14,Apr,18-Apr,Q2,2018
4/5/2018,4,5,Thu,14,Apr,18-Apr,Q2,2018
4/6/2018,4,6,Fri,14,Apr,18-Apr,Q2,2018
4/7/2018,4,7,Sat,14,Apr,18-Apr,Q2,2018
4/8/2018,4,8,Sun,15,Apr,18-Apr,Q2,2018
4/9/2018,4,9,Mon,15,Apr,18-Apr,Q2,2018
4/10/2018,4,10,Tue,15,Apr,18-Apr,Q2,2018
4/11/2018,4,11,Wed,15,Apr,18-Apr,Q2,2018
4/12/2018,4,12,Thu,15,Apr,18-Apr,Q2,2018
4/13/2018,4,13,Fri,15,Apr,18-Apr,Q2,2018
4/14/2018,4,14,Sat,15,Apr,18-Apr,Q2,2018
4/15/2018,4,15,Sun,16,Apr,18-Apr,Q2,2018
4/16/2018,4,16,Mon,16,Apr,18-Apr,Q2,2018
4/17/2018,4,17,Tue,16,Apr,18-Apr,Q2,2018
4/18/2018,4,18,Wed,16,Apr,18-Apr,Q2,2018
4/19/2018,4,19,Thu,16,Apr,18-Apr,Q2,2018
4/20/2018,4,20,Fri,16,Apr,18-Apr,Q2,2018
4/21/2018,4,21,Sat,16,Apr,18-Apr,Q2,2018
4/22/2018,4,22,Sun,17,Apr,18-Apr,Q2,2018
4/23/2018,4,23,Mon,17,Apr,18-Apr,Q2,2018
4/24/2018,4,24,Tue,17,Apr,18-Apr,Q2,2018
4/25/2018,4,25,Wed,17,Apr,18-Apr,Q2,2018
4/26/2018,4,26,Thu,17,Apr,18-Apr,Q2,2018
4/27/2018,4,27,Fri,17,Apr,18-Apr,Q2,2018
4/28/2018,4,28,Sat,17,Apr,18-Apr,Q2,2018
4/29/2018,4,29,Sun,18,Apr,18-Apr,Q2,2018
4/30/2018,4,30,Mon,18,Apr,18-Apr,Q2,2018
5/1/2018,5,1,Tue,18,May,18-May,Q2,2018
5/2/2018,5,2,Wed,18,May,18-May,Q2,2018
5/3/2018,5,3,Thu,18,May,18-May,Q2,2018
5/4/2018,5,4,Fri,18,May,18-May,Q2,2018
5/5/2018,5,5,Sat,18,May,18-May,Q2,2018
5/6/2018,5,6,Sun,19,May,18-May,Q2,2018
5/7/2018,5,7,Mon,19,May,18-May,Q2,2018
5/8/2018,5,8,Tue,19,May,18-May,Q2,2018
5/9/2018,5,9,Wed,19,May,18-May,Q2,2018
5/10/2018,5,10,Thu,19,May,18-May,Q2,2018
5/11/2018,5,11,Fri,19,May,18-May,Q2,2018
5/12/2018,5,12,Sat,19,May,18-May,Q2,2018
5/13/2018,5,13,Sun,20,May,18-May,Q2,2018
5/14/2018,5,14,Mon,20,May,18-May,Q2,2018
5/15/2018,5,15,Tue,20,May,18-May,Q2,2018
5/16/2018,5,16,Wed,20,May,18-May,Q2,2018
5/17/2018,5,17,Thu,20,May,18-May,Q2,2018
5/18/2018,5,18,Fri,20,May,18-May,Q2,2018
5/19/2018,5,19,Sat,20,May,18-May,Q2,2018
5/20/2018,5,20,Sun,21,May,18-May,Q2,2018
5/21/2018,5,21,Mon,21,May,18-May,Q2,2018
5/22/2018,5,22,Tue,21,May,18-May,Q2,2018
5/23/2018,5,23,Wed,21,May,18-May,Q2,2018
5/24/2018,5,24,Thu,21,May,18-May,Q2,2018
5/25/2018,5,25,Fri,21,May,18-May,Q2,2018
5/26/2018,5,26,Sat,21,May,18-May,Q2,2018
5/27/2018,5,27,Sun,22,May,18-May,Q2,2018
5/28/2018,5,28,Mon,22,May,18-May,Q2,2018
5/29/2018,5,29,Tue,22,May,18-May,Q2,2018
5/30/2018,5,30,Wed,22,May,18-May,Q2,2018
5/31/2018,5,31,Thu,22,May,18-May,Q2,2018
6/1/2018,6,1,Fri,22,Jun,18-Jun,Q2,2018
6/2/2018,6,2,Sat,22,Jun,18-Jun,Q2,2018
6/3/2018,6,3,Sun,23,Jun,18-Jun,Q2,2018
6/4/2018,6,4,Mon,23,Jun,18-Jun,Q2,2018
6/5/2018,6,5,Tue,23,Jun,18-Jun,Q2,2018
6/6/2018,6,6,Wed,23,Jun,18-Jun,Q2,2018
6/7/2018,6,7,Thu,23,Jun,18-Jun,Q2,2018
6/8/2018,6,8,Fri,23,Jun,18-Jun,Q2,2018
6/9/2018,6,9,Sat,23,Jun,18-Jun,Q2,2018
6/10/2018,6,10,Sun,24,Jun,18-Jun,Q2,2018
6/11/2018,6,11,Mon,24,Jun,18-Jun,Q2,2018
6/12/2018,6,12,Tue,24,Jun,18-Jun,Q2,2018
6/13/2018,6,13,Wed,24,Jun,18-Jun,Q2,2018
6/14/2018,6,14,Thu,24,Jun,18-Jun,Q2,2018
6/15/2018,6,15,Fri,24,Jun,18-Jun,Q2,2018
6/16/2018,6,16,Sat,24,Jun,18-Jun,Q2,2018
6/17/2018,6,17,Sun,25,Jun,18-Jun,Q2,2018
6/18/2018,6,18,Mon,25,Jun,18-Jun,Q2,2018
6/19/2018,6,19,Tue,25,Jun,18-Jun,Q2,2018
6/20/2018,6,20,Wed,25,Jun,18-Jun,Q2,2018
6/21/2018,6,21,Thu,25,Jun,18-Jun,Q2,2018
6/22/2018,6,22,Fri,25,Jun,18-Jun,Q2,2018
6/23/2018,6,23,Sat,25,Jun,18-Jun,Q2,2018
6/24/2018,6,24,Sun,26,Jun,18-Jun,Q2,2018
6/25/2018,6,25,Mon,26,Jun,18-Jun,Q2,2018
6/26/2018,6,26,Tue,26,Jun,18-Jun,Q2,2018
6/27/2018,6,27,Wed,26,Jun,18-Jun,Q2,2018
6/28/2018,6,28,Thu,26,Jun,18-Jun,Q2,2018
6/29/2018,6,29,Fri,26,Jun,18-Jun,Q2,2018
6/30/2018,6,30,Sat,26,Jun,18-Jun,Q2,2018
7/1/2018,7,1,Sun,27,Jul,18-Jul,Q3,2018
7/2/2018,7,2,Mon,27,Jul,18-Jul,Q3,2018
7/3/2018,7,3,Tue,27,Jul,18-Jul,Q3,2018
7/4/2018,7,4,Wed,27,Jul,18-Jul,Q3,2018
7/5/2018,7,5,Thu,27,Jul,18-Jul,Q3,2018
7/6/2018,7,6,Fri,27,Jul,18-Jul,Q3,2018
7/7/2018,7,7,Sat,27,Jul,18-Jul,Q3,2018
7/8/2018,7,8,Sun,28,Jul,18-Jul,Q3,2018
7/9/2018,7,9,Mon,28,Jul,18-Jul,Q3,2018
7/10/2018,7,10,Tue,28,Jul,18-Jul,Q3,2018
7/11/2018,7,11,Wed,28,Jul,18-Jul,Q3,2018
7/12/2018,7,12,Thu,28,Jul,18-Jul,Q3,2018
7/13/2018,7,13,Fri,28,Jul,18-Jul,Q3,2018
7/14/2018,7,14,Sat,28,Jul,18-Jul,Q3,2018
7/15/2018,7,15,Sun,29,Jul,18-Jul,Q3,2018
7/16/2018,7,16,Mon,29,Jul,18-Jul,Q3,2018
7/17/2018,7,17,Tue,29,Jul,18-Jul,Q3,2018
7/18/2018,7,18,Wed,29,Jul,18-Jul,Q3,2018
7/19/2018,7,19,Thu,29,Jul,18-Jul,Q3,2018
7/20/2018,7,20,Fri,29,Jul,18-Jul,Q3,2018
7/21/2018,7,21,Sat,29,Jul,18-Jul,Q3,2018
7/22/2018,7,22,Sun,30,Jul,18-Jul,Q3,2018
7/23/2018,7,23,Mon,30,Jul,18-Jul,Q3,2018
7/24/2018,7,24,Tue,30,Jul,18-Jul,Q3,2018
7/25/2018,7,25,Wed,30,Jul,18-Jul,Q3,2018
7/26/2018,7,26,Thu,30,Jul,18-Jul,Q3,2018
7/27/2018,7,27,Fri,30,Jul,18-Jul,Q3,2018
7/28/2018,7,28,Sat,30,Jul,18-Jul,Q3,2018
7/29/2018,7,29,Sun,31,Jul,18-Jul,Q3,2018
7/30/2018,7,30,Mon,31,Jul,18-Jul,Q3,2018
7/31/2018,7,31,Tue,31,Jul,18-Jul,Q3,2018
8/1/2018,8,1,Wed,31,Aug,18-Aug,Q3,2018
8/2/2018,8,2,Thu,31,Aug,18-Aug,Q3,2018
8/3/2018,8,3,Fri,31,Aug,18-Aug,Q3,2018
8/4/2018,8,4,Sat,31,Aug,18-Aug,Q3,2018
8/5/2018,8,5,Sun,32,Aug,18-Aug,Q3,2018
8/6/2018,8,6,Mon,32,Aug,18-Aug,Q3,2018
8/7/2018,8,7,Tue,32,Aug,18-Aug,Q3,2018
8/8/2018,8,8,Wed,32,Aug,18-Aug,Q3,2018
8/9/2018,8,9,Thu,32,Aug,18-Aug,Q3,2018
8/10/2018,8,10,Fri,32,Aug,18-Aug,Q3,2018
8/11/2018,8,11,Sat,32,Aug,18-Aug,Q3,2018
8/12/2018,8,12,Sun,33,Aug,18-Aug,Q3,2018
8/13/2018,8,13,Mon,33,Aug,18-Aug,Q3,2018
8/14/2018,8,14,Tue,33,Aug,18-Aug,Q3,2018
8/15/2018,8,15,Wed,33,Aug,18-Aug,Q3,2018
8/16/2018,8,16,Thu,33,Aug,18-Aug,Q3,2018
8/17/2018,8,17,Fri,33,Aug,18-Aug,Q3,2018
8/18/2018,8,18,Sat,33,Aug,18-Aug,Q3,2018
8/19/2018,8,19,Sun,34,Aug,18-Aug,Q3,2018
8/20/2018,8,20,Mon,34,Aug,18-Aug,Q3,2018
8/21/2018,8,21,Tue,34,Aug,18-Aug,Q3,2018
8/22/2018,8,22,Wed,34,Aug,18-Aug,Q3,2018
8/23/2018,8,23,Thu,34,Aug,18-Aug,Q3,2018
8/24/2018,8,24,Fri,34,Aug,18-Aug,Q3,2018
8/25/2018,8,25,Sat,34,Aug,18-Aug,Q3,2018
8/26/2018,8,26,Sun,35,Aug,18-Aug,Q3,2018
8/27/2018,8,27,Mon,35,Aug,18-Aug,Q3,2018
8/28/2018,8,28,Tue,35,Aug,18-Aug,Q3,2018
8/29/2018,8,29,Wed,35,Aug,18-Aug,Q3,2018
8/30/2018,8,30,Thu,35,Aug,18-Aug,Q3,2018
8/31/2018,8,31,Fri,35,Aug,18-Aug,Q3,2018
9/1/2018,9,1,Sat,35,Sep,18-Sep,Q3,2018
9/2/2018,9,2,Sun,36,Sep,18-Sep,Q3,2018
9/3/2018,9,3,Mon,36,Sep,18-Sep,Q3,2018
9/4/2018,9,4,Tue,36,Sep,18-Sep,Q3,2018
9/5/2018,9,5,Wed,36,Sep,18-Sep,Q3,2018
9/6/2018,9,6,Thu,36,Sep,18-Sep,Q3,2018
9/7/2018,9,7,Fri,36,Sep,18-Sep,Q3,2018
9/8/2018,9,8,Sat,36,Sep,18-Sep,Q3,2018
9/9/2018,9,9,Sun,37,Sep,18-Sep,Q3,2018
9/10/2018,9,10,Mon,37,Sep,18-Sep,Q3,2018
9/11/2018,9,11,Tue,37,Sep,18-Sep,Q3,2018
9/12/2018,9,12,Wed,37,Sep,18-Sep,Q3,2018
9/13/2018,9,13,Thu,37,Sep,18-Sep,Q3,2018
9/14/2018,9,14,Fri,37,Sep,18-Sep,Q3,2018
9/15/2018,9,15,Sat,37,Sep,18-Sep,Q3,2018
9/16/2018,9,16,Sun,38,Sep,18-Sep,Q3,2018
9/17/2018,9,17,Mon,38,Sep,18-Sep,Q3,2018
9/18/2018,9,18,Tue,38,Sep,18-Sep,Q3,2018
9/19/2018,9,19,Wed,38,Sep,18-Sep,Q3,2018
9/20/2018,9,20,Thu,38,Sep,18-Sep,Q3,2018
9/21/2018,9,21,Fri,38,Sep,18-Sep,Q3,2018
9/22/2018,9,22,Sat,38,Sep,18-Sep,Q3,2018
9/23/2018,9,23,Sun,39,Sep,18-Sep,Q3,2018
9/24/2018,9,24,Mon,39,Sep,18-Sep,Q3,2018
9/25/2018,9,25,Tue,39,Sep,18-Sep,Q3,2018
9/26/2018,9,26,Wed,39,Sep,18-Sep,Q3,2018
9/27/2018,9,27,Thu,39,Sep,18-Sep,Q3,2018
9/28/2018,9,28,Fri,39,Sep,18-Sep,Q3,2018
9/29/2018,9,29,Sat,39,Sep,18-Sep,Q3,2018
9/30/2018,9,30,Sun,40,Sep,18-Sep,Q3,2018
10/1/2018,10,1,Mon,40,Oct,18-Oct,Q4,2018
10/2/2018,10,2,Tue,40,Oct,18-Oct,Q4,2018
10/3/2018,10,3,Wed,40,Oct,18-Oct,Q4,2018
10/4/2018,10,4,Thu,40,Oct,18-Oct,Q4,2018
10/5/2018,10,5,Fri,40,Oct,18-Oct,Q4,2018
10/6/2018,10,6,Sat,40,Oct,18-Oct,Q4,2018
10/7/2018,10,7,Sun,41,Oct,18-Oct,Q4,2018
10/8/2018,10,8,Mon,41,Oct,18-Oct,Q4,2018
10/9/2018,10,9,Tue,41,Oct,18-Oct,Q4,2018
10/10/2018,10,10,Wed,41,Oct,18-Oct,Q4,2018
10/11/2018,10,11,Thu,41,Oct,18-Oct,Q4,2018
10/12/2018,10,12,Fri,41,Oct,18-Oct,Q4,2018
10/13/2018,10,13,Sat,41,Oct,18-Oct,Q4,2018
10/14/2018,10,14,Sun,42,Oct,18-Oct,Q4,2018
10/15/2018,10,15,Mon,42,Oct,18-Oct,Q4,2018
10/16/2018,10,16,Tue,42,Oct,18-Oct,Q4,2018
10/17/2018,10,17,Wed,42,Oct,18-Oct,Q4,2018
10/18/2018,10,18,Thu,42,Oct,18-Oct,Q4,2018
10/19/2018,10,19,Fri,42,Oct,18-Oct,Q4,2018
10/20/2018,10,20,Sat,42,Oct,18-Oct,Q4,2018
10/21/2018,10,21,Sun,43,Oct,18-Oct,Q4,2018
10/22/2018,10,22,Mon,43,Oct,18-Oct,Q4,2018
10/23/2018,10,23,Tue,43,Oct,18-Oct,Q4,2018
10/24/2018,10,24,Wed,43,Oct,18-Oct,Q4,2018
10/25/2018,10,25,Thu,43,Oct,18-Oct,Q4,2018
10/26/2018,10,26,Fri,43,Oct,18-Oct,Q4,2018
10/27/2018,10,27,Sat,43,Oct,18-Oct,Q4,2018
10/28/2018,10,28,Sun,44,Oct,18-Oct,Q4,2018
10/29/2018,10,29,Mon,44,Oct,18-Oct,Q4,2018
10/30/2018,10,30,Tue,44,Oct,18-Oct,Q4,2018
10/31/2018,10,31,Wed,44,Oct,18-Oct,Q4,2018
11/1/2018,11,1,Thu,44,Nov,18-Nov,Q4,2018
11/2/2018,11,2,Fri,44,Nov,18-Nov,Q4,2018
11/3/2018,11,3,Sat,44,Nov,18-Nov,Q4,2018
11/4/2018,11,4,Sun,45,Nov,18-Nov,Q4,2018
11/5/2018,11,5,Mon,45,Nov,18-Nov,Q4,2018
11/6/2018,11,6,Tue,45,Nov,18-Nov,Q4,2018
11/7/2018,11,7,Wed,45,Nov,18-Nov,Q4,2018
11/8/2018,11,8,Thu,45,Nov,18-Nov,Q4,2018
11/9/2018,11,9,Fri,45,Nov,18-Nov,Q4,2018
11/10/2018,11,10,Sat,45,Nov,18-Nov,Q4,2018
11/11/2018,11,11,Sun,46,Nov,18-Nov,Q4,2018
11/12/2018,11,12,Mon,46,Nov,18-Nov,Q4,2018
11/13/2018,11,13,Tue,46,Nov,18-Nov,Q4,2018
11/14/2018,11,14,Wed,46,Nov,18-Nov,Q4,2018
11/15/2018,11,15,Thu,46,Nov,18-Nov,Q4,2018
11/16/2018,11,16,Fri,46,Nov,18-Nov,Q4,2018
11/17/2018,11,17,Sat,46,Nov,18-Nov,Q4,2018
11/18/2018,11,18,Sun,47,Nov,18-Nov,Q4,2018
11/19/2018,11,19,Mon,47,Nov,18-Nov,Q4,2018
11/20/2018,11,20,Tue,47,Nov,18-Nov,Q4,2018
11/21/2018,11,21,Wed,47,Nov,18-Nov,Q4,2018
11/22/2018,11,22,Thu,47,Nov,18-Nov,Q4,2018
11/23/2018,11,23,Fri,47,Nov,18-Nov,Q4,2018
11/24/2018,11,24,Sat,47,Nov,18-Nov,Q4,2018
11/25/2018,11,25,Sun,48,Nov,18-Nov,Q4,2018
11/26/2018,11,26,Mon,48,Nov,18-Nov,Q4,2018
11/27/2018,11,27,Tue,48,Nov,18-Nov,Q4,2018
11/28/2018,11,28,Wed,48,Nov,18-Nov,Q4,2018
11/29/2018,11,29,Thu,48,Nov,18-Nov,Q4,2018
11/30/2018,11,30,Fri,48,Nov,18-Nov,Q4,2018
12/1/2018,12,1,Sat,48,Dec,18-Dec,Q4,2018
12/2/2018,12,2,Sun,49,Dec,18-Dec,Q4,2018
12/3/2018,12,3,Mon,49,Dec,18-Dec,Q4,2018
12/4/2018,12,4,Tue,49,Dec,18-Dec,Q4,2018
12/5/2018,12,5,Wed,49,Dec,18-Dec,Q4,2018
12/6/2018,12,6,Thu,49,Dec,18-Dec,Q4,2018
12/7/2018,12,7,Fri,49,Dec,18-Dec,Q4,2018
12/8/2018,12,8,Sat,49,Dec,18-Dec,Q4,2018
12/9/2018,12,9,Sun,50,Dec,18-Dec,Q4,2018
12/10/2018,12,10,Mon,50,Dec,18-Dec,Q4,2018
12/11/2018,12,11,Tue,50,Dec,18-Dec,Q4,2018
12/12/2018,12,12,Wed,50,Dec,18-Dec,Q4,2018
12/13/2018,12,13,Thu,50,Dec,18-Dec,Q4,2018
12/14/2018,12,14,Fri,50,Dec,18-Dec,Q4,2018
12/15/2018,12,15,Sat,50,Dec,18-Dec,Q4,2018
12/16/2018,12,16,Sun,51,Dec,18-Dec,Q4,2018
12/17/2018,12,17,Mon,51,Dec,18-Dec,Q4,2018
12/18/2018,12,18,Tue,51,Dec,18-Dec,Q4,2018
12/19/2018,12,19,Wed,51,Dec,18-Dec,Q4,2018
12/20/2018,12,20,Thu,51,Dec,18-Dec,Q4,2018
12/21/2018,12,21,Fri,51,Dec,18-Dec,Q4,2018
12/22/2018,12,22,Sat,51,Dec,18-Dec,Q4,2018
12/23/2018,12,23,Sun,52,Dec,18-Dec,Q4,2018
12/24/2018,12,24,Mon,52,Dec,18-Dec,Q4,2018
12/25/2018,12,25,Tue,52,Dec,18-Dec,Q4,2018
12/26/2018,12,26,Wed,52,Dec,18-Dec,Q4,2018
12/27/2018,12,27,Thu,52,Dec,18-Dec,Q4,2018
12/28/2018,12,28,Fri,52,Dec,18-Dec,Q4,2018
12/29/2018,12,29,Sat,52,Dec,18-Dec,Q4,2018
12/30/2018,12,30,Sun,53,Dec,18-Dec,Q4,2018
12/31/2018,12,31,Mon,53,Dec,18-Dec,Q4,2018
1/1/2019,1,1,Tue,1,Jan,19-Jan,Q1,2019
1/2/2019,1,2,Wed,1,Jan,19-Jan,Q1,2019
1/3/2019,1,3,Thu,1,Jan,19-Jan,Q1,2019
1/4/2019,1,4,Fri,1,Jan,19-Jan,Q1,2019
1/5/2019,1,5,Sat,1,Jan,19-Jan,Q1,2019
1/6/2019,1,6,Sun,2,Jan,19-Jan,Q1,2019
1/7/2019,1,7,Mon,2,Jan,19-Jan,Q1,2019
1/8/2019,1,8,Tue,2,Jan,19-Jan,Q1,2019
1/9/2019,1,9,Wed,2,Jan,19-Jan,Q1,2019
1/10/2019,1,10,Thu,2,Jan,19-Jan,Q1,2019
1/11/2019,1,11,Fri,2,Jan,19-Jan,Q1,2019
1/12/2019,1,12,Sat,2,Jan,19-Jan,Q1,2019
1/13/2019,1,13,Sun,3,Jan,19-Jan,Q1,2019
1/14/2019,1,14,Mon,3,Jan,19-Jan,Q1,2019
1/15/2019,1,15,Tue,3,Jan,19-Jan,Q1,2019
1/16/2019,1,16,Wed,3,Jan,19-Jan,Q1,2019
1/17/2019,1,17,Thu,3,Jan,19-Jan,Q1,2019
1/18/2019,1,18,Fri,3,Jan,19-Jan,Q1,2019
1/19/2019,1,19,Sat,3,Jan,19-Jan,Q1,2019
1/20/2019,1,20,Sun,4,Jan,19-Jan,Q1,2019
1/21/2019,1,21,Mon,4,Jan,19-Jan,Q1,2019
1/22/2019,1,22,Tue,4,Jan,19-Jan,Q1,2019
1/23/2019,1,23,Wed,4,Jan,19-Jan,Q1,2019
1/24/2019,1,24,Thu,4,Jan,19-Jan,Q1,2019
1/25/2019,1,25,Fri,4,Jan,19-Jan,Q1,2019
1/26/2019,1,26,Sat,4,Jan,19-Jan,Q1,2019
1/27/2019,1,27,Sun,5,Jan,19-Jan,Q1,2019
1/28/2019,1,28,Mon,5,Jan,19-Jan,Q1,2019
1/29/2019,1,29,Tue,5,Jan,19-Jan,Q1,2019
1/30/2019,1,30,Wed,5,Jan,19-Jan,Q1,2019
1/31/2019,1,31,Thu,5,Jan,19-Jan,Q1,2019
2/1/2019,2,1,Fri,5,Feb,19-Feb,Q1,2019
2/2/2019,2,2,Sat,5,Feb,19-Feb,Q1,2019
2/3/2019,2,3,Sun,6,Feb,19-Feb,Q1,2019
2/4/2019,2,4,Mon,6,Feb,19-Feb,Q1,2019
2/5/2019,2,5,Tue,6,Feb,19-Feb,Q1,2019
2/6/2019,2,6,Wed,6,Feb,19-Feb,Q1,2019
2/7/2019,2,7,Thu,6,Feb,19-Feb,Q1,2019
2/8/2019,2,8,Fri,6,Feb,19-Feb,Q1,2019
2/9/2019,2,9,Sat,6,Feb,19-Feb,Q1,2019
2/10/2019,2,10,Sun,7,Feb,19-Feb,Q1,2019
2/11/2019,2,11,Mon,7,Feb,19-Feb,Q1,2019
2/12/2019,2,12,Tue,7,Feb,19-Feb,Q1,2019
2/13/2019,2,13,Wed,7,Feb,19-Feb,Q1,2019
2/14/2019,2,14,Thu,7,Feb,19-Feb,Q1,2019
2/15/2019,2,15,Fri,7,Feb,19-Feb,Q1,2019
2/16/2019,2,16,Sat,7,Feb,19-Feb,Q1,2019
2/17/2019,2,17,Sun,8,Feb,19-Feb,Q1,2019
2/18/2019,2,18,Mon,8,Feb,19-Feb,Q1,2019
2/19/2019,2,19,Tue,8,Feb,19-Feb,Q1,2019
2/20/2019,2,20,Wed,8,Feb,19-Feb,Q1,2019
2/21/2019,2,21,Thu,8,Feb,19-Feb,Q1,2019
2/22/2019,2,22,Fri,8,Feb,19-Feb,Q1,2019
2/23/2019,2,23,Sat,8,Feb,19-Feb,Q1,2019
2/24/2019,2,24,Sun,9,Feb,19-Feb,Q1,2019
2/25/2019,2,25,Mon,9,Feb,19-Feb,Q1,2019
2/26/2019,2,26,Tue,9,Feb,19-Feb,Q1,2019
2/27/2019,2,27,Wed,9,Feb,19-Feb,Q1,2019
2/28/2019,2,28,Thu,9,Feb,19-Feb,Q1,2019
3/1/2019,3,1,Fri,9,Mar,19-Mar,Q1,2019
3/2/2019,3,2,Sat,9,Mar,19-Mar,Q1,2019
3/3/2019,3,3,Sun,10,Mar,19-Mar,Q1,2019
3/4/2019,3,4,Mon,10,Mar,19-Mar,Q1,2019
3/5/2019,3,5,Tue,10,Mar,19-Mar,Q1,2019
3/6/2019,3,6,Wed,10,Mar,19-Mar,Q1,2019
3/7/2019,3,7,Thu,10,Mar,19-Mar,Q1,2019
3/8/2019,3,8,Fri,10,Mar,19-Mar,Q1,2019
3/9/2019,3,9,Sat,10,Mar,19-Mar,Q1,2019
3/10/2019,3,10,Sun,11,Mar,19-Mar,Q1,2019
3/11/2019,3,11,Mon,11,Mar,19-Mar,Q1,2019
3/12/2019,3,12,Tue,11,Mar,19-Mar,Q1,2019
3/13/2019,3,13,Wed,11,Mar,19-Mar,Q1,2019
3/14/2019,3,14,Thu,11,Mar,19-Mar,Q1,2019
3/15/2019,3,15,Fri,11,Mar,19-Mar,Q1,2019
3/16/2019,3,16,Sat,11,Mar,19-Mar,Q1,2019
3/17/2019,3,17,Sun,12,Mar,19-Mar,Q1,2019
3/18/2019,3,18,Mon,12,Mar,19-Mar,Q1,2019
3/19/2019,3,19,Tue,12,Mar,19-Mar,Q1,2019
3/20/2019,3,20,Wed,12,Mar,19-Mar,Q1,2019
3/21/2019,3,21,Thu,12,Mar,19-Mar,Q1,2019
3/22/2019,3,22,Fri,12,Mar,19-Mar,Q1,2019
3/23/2019,3,23,Sat,12,Mar,19-Mar,Q1,2019
3/24/2019,3,24,Sun,13,Mar,19-Mar,Q1,2019
3/25/2019,3,25,Mon,13,Mar,19-Mar,Q1,2019
3/26/2019,3,26,Tue,13,Mar,19-Mar,Q1,2019
3/27/2019,3,27,Wed,13,Mar,19-Mar,Q1,2019
3/28/2019,3,28,Thu,13,Mar,19-Mar,Q1,2019
3/29/2019,3,29,Fri,13,Mar,19-Mar,Q1,2019
3/30/2019,3,30,Sat,13,Mar,19-Mar,Q1,2019
3/31/2019,3,31,Sun,14,Mar,19-Mar,Q1,2019
4/1/2019,4,1,Mon,14,Apr,19-Apr,Q2,2019
4/2/2019,4,2,Tue,14,Apr,19-Apr,Q2,2019
4/3/2019,4,3,Wed,14,Apr,19-Apr,Q2,2019
4/4/2019,4,4,Thu,14,Apr,19-Apr,Q2,2019
4/5/2019,4,5,Fri,14,Apr,19-Apr,Q2,2019
4/6/2019,4,6,Sat,14,Apr,19-Apr,Q2,2019
4/7/2019,4,7,Sun,15,Apr,19-Apr,Q2,2019
4/8/2019,4,8,Mon,15,Apr,19-Apr,Q2,2019
4/9/2019,4,9,Tue,15,Apr,19-Apr,Q2,2019
4/10/2019,4,10,Wed,15,Apr,19-Apr,Q2,2019
4/11/2019,4,11,Thu,15,Apr,19-Apr,Q2,2019
4/12/2019,4,12,Fri,15,Apr,19-Apr,Q2,2019
4/13/2019,4,13,Sat,15,Apr,19-Apr,Q2,2019
4/14/2019,4,14,Sun,16,Apr,19-Apr,Q2,2019
4/15/2019,4,15,Mon,16,Apr,19-Apr,Q2,2019
4/16/2019,4,16,Tue,16,Apr,19-Apr,Q2,2019
4/17/2019,4,17,Wed,16,Apr,19-Apr,Q2,2019
4/18/2019,4,18,Thu,16,Apr,19-Apr,Q2,2019
4/19/2019,4,19,Fri,16,Apr,19-Apr,Q2,2019
4/20/2019,4,20,Sat,16,Apr,19-Apr,Q2,2019
4/21/2019,4,21,Sun,17,Apr,19-Apr,Q2,2019
4/22/2019,4,22,Mon,17,Apr,19-Apr,Q2,2019
4/23/2019,4,23,Tue,17,Apr,19-Apr,Q2,2019
4/24/2019,4,24,Wed,17,Apr,19-Apr,Q2,2019
4/25/2019,4,25,Thu,17,Apr,19-Apr,Q2,2019
4/26/2019,4,26,Fri,17,Apr,19-Apr,Q2,2019
4/27/2019,4,27,Sat,17,Apr,19-Apr,Q2,2019
4/28/2019,4,28,Sun,18,Apr,19-Apr,Q2,2019
4/29/2019,4,29,Mon,18,Apr,19-Apr,Q2,2019
4/30/2019,4,30,Tue,18,Apr,19-Apr,Q2,2019
5/1/2019,5,1,Wed,18,May,19-May,Q2,2019
5/2/2019,5,2,Thu,18,May,19-May,Q2,2019
5/3/2019,5,3,Fri,18,May,19-May,Q2,2019
5/4/2019,5,4,Sat,18,May,19-May,Q2,2019
5/5/2019,5,5,Sun,19,May,19-May,Q2,2019
5/6/2019,5,6,Mon,19,May,19-May,Q2,2019
5/7/2019,5,7,Tue,19,May,19-May,Q2,2019
5/8/2019,5,8,Wed,19,May,19-May,Q2,2019
5/9/2019,5,9,Thu,19,May,19-May,Q2,2019
5/10/2019,5,10,Fri,19,May,19-May,Q2,2019
5/11/2019,5,11,Sat,19,May,19-May,Q2,2019
5/12/2019,5,12,Sun,20,May,19-May,Q2,2019
5/13/2019,5,13,Mon,20,May,19-May,Q2,2019
5/14/2019,5,14,Tue,20,May,19-May,Q2,2019
5/15/2019,5,15,Wed,20,May,19-May,Q2,2019
5/16/2019,5,16,Thu,20,May,19-May,Q2,2019
5/17/2019,5,17,Fri,20,May,19-May,Q2,2019
5/18/2019,5,18,Sat,20,May,19-May,Q2,2019
5/19/2019,5,19,Sun,21,May,19-May,Q2,2019
5/20/2019,5,20,Mon,21,May,19-May,Q2,2019
5/21/2019,5,21,Tue,21,May,19-May,Q2,2019
5/22/2019,5,22,Wed,21,May,19-May,Q2,2019
5/23/2019,5,23,Thu,21,May,19-May,Q2,2019
5/24/2019,5,24,Fri,21,May,19-May,Q2,2019
5/25/2019,5,25,Sat,21,May,19-May,Q2,2019
5/26/2019,5,26,Sun,22,May,19-May,Q2,2019
5/27/2019,5,27,Mon,22,May,19-May,Q2,2019
5/28/2019,5,28,Tue,22,May,19-May,Q2,2019
5/29/2019,5,29,Wed,22,May,19-May,Q2,2019
5/30/2019,5,30,Thu,22,May,19-May,Q2,2019
5/31/2019,5,31,Fri,22,May,19-May,Q2,2019
6/1/2019,6,1,Sat,22,Jun,19-Jun,Q2,2019
6/2/2019,6,2,Sun,23,Jun,19-Jun,Q2,2019
6/3/2019,6,3,Mon,23,Jun,19-Jun,Q2,2019
6/4/2019,6,4,Tue,23,Jun,19-Jun,Q2,2019
6/5/2019,6,5,Wed,23,Jun,19-Jun,Q2,2019
6/6/2019,6,6,Thu,23,Jun,19-Jun,Q2,2019
6/7/2019,6,7,Fri,23,Jun,19-Jun,Q2,2019
6/8/2019,6,8,Sat,23,Jun,19-Jun,Q2,2019
6/9/2019,6,9,Sun,24,Jun,19-Jun,Q2,2019
6/10/2019,6,10,Mon,24,Jun,19-Jun,Q2,2019
6/11/2019,6,11,Tue,24,Jun,19-Jun,Q2,2019
6/12/2019,6,12,Wed,24,Jun,19-Jun,Q2,2019
6/13/2019,6,13,Thu,24,Jun,19-Jun,Q2,2019
6/14/2019,6,14,Fri,24,Jun,19-Jun,Q2,2019
6/15/2019,6,15,Sat,24,Jun,19-Jun,Q2,2019
6/16/2019,6,16,Sun,25,Jun,19-Jun,Q2,2019
6/17/2019,6,17,Mon,25,Jun,19-Jun,Q2,2019
6/18/2019,6,18,Tue,25,Jun,19-Jun,Q2,2019
6/19/2019,6,19,Wed,25,Jun,19-Jun,Q2,2019
6/20/2019,6,20,Thu,25,Jun,19-Jun,Q2,2019
6/21/2019,6,21,Fri,25,Jun,19-Jun,Q2,2019
6/22/2019,6,22,Sat,25,Jun,19-Jun,Q2,2019
6/23/2019,6,23,Sun,26,Jun,19-Jun,Q2,2019
6/24/2019,6,24,Mon,26,Jun,19-Jun,Q2,2019
6/25/2019,6,25,Tue,26,Jun,19-Jun,Q2,2019
6/26/2019,6,26,Wed,26,Jun,19-Jun,Q2,2019
6/27/2019,6,27,Thu,26,Jun,19-Jun,Q2,2019
6/28/2019,6,28,Fri,26,Jun,19-Jun,Q2,2019
6/29/2019,6,29,Sat,26,Jun,19-Jun,Q2,2019
6/30/2019,6,30,Sun,27,Jun,19-Jun,Q2,2019
7/1/2019,7,1,Mon,27,Jul,19-Jul,Q3,2019
7/2/2019,7,2,Tue,27,Jul,19-Jul,Q3,2019
7/3/2019,7,3,Wed,27,Jul,19-Jul,Q3,2019
7/4/2019,7,4,Thu,27,Jul,19-Jul,Q3,2019
7/5/2019,7,5,Fri,27,Jul,19-Jul,Q3,2019
7/6/2019,7,6,Sat,27,Jul,19-Jul,Q3,2019
7/7/2019,7,7,Sun,28,Jul,19-Jul,Q3,2019
7/8/2019,7,8,Mon,28,Jul,19-Jul,Q3,2019
7/9/2019,7,9,Tue,28,Jul,19-Jul,Q3,2019
7/10/2019,7,10,Wed,28,Jul,19-Jul,Q3,2019
7/11/2019,7,11,Thu,28,Jul,19-Jul,Q3,2019
7/12/2019,7,12,Fri,28,Jul,19-Jul,Q3,2019
7/13/2019,7,13,Sat,28,Jul,19-Jul,Q3,2019
7/14/2019,7,14,Sun,29,Jul,19-Jul,Q3,2019
7/15/2019,7,15,Mon,29,Jul,19-Jul,Q3,2019
7/16/2019,7,16,Tue,29,Jul,19-Jul,Q3,2019
7/17/2019,7,17,Wed,29,Jul,19-Jul,Q3,2019
7/18/2019,7,18,Thu,29,Jul,19-Jul,Q3,2019
7/19/2019,7,19,Fri,29,Jul,19-Jul,Q3,2019
7/20/2019,7,20,Sat,29,Jul,19-Jul,Q3,2019
7/21/2019,7,21,Sun,30,Jul,19-Jul,Q3,2019
7/22/2019,7,22,Mon,30,Jul,19-Jul,Q3,2019
7/23/2019,7,23,Tue,30,Jul,19-Jul,Q3,2019
7/24/2019,7,24,Wed,30,Jul,19-Jul,Q3,2019
7/25/2019,7,25,Thu,30,Jul,19-Jul,Q3,2019
7/26/2019,7,26,Fri,30,Jul,19-Jul,Q3,2019
7/27/2019,7,27,Sat,30,Jul,19-Jul,Q3,2019
7/28/2019,7,28,Sun,31,Jul,19-Jul,Q3,2019
7/29/2019,7,29,Mon,31,Jul,19-Jul,Q3,2019
7/30/2019,7,30,Tue,31,Jul,19-Jul,Q3,2019
7/31/2019,7,31,Wed,31,Jul,19-Jul,Q3,2019
